"id","url","url_id"
1,"https://google.com.in?q=test0","x7BL8"
2,"https://google.com.in?q=test1","e4rJx"
3,"https://google.com.in?q=test2","yr7B1"
4,"https://google.com.in?q=test3","47OYF"
5,"https://google.com.in?q=test5","Dzj1H"
6,"https://google.com.in?q=test4","xNypF"
7,"https://google.com.in?q=test6","QX73o"
8,"https://google.com.in?q=test7","NBzOi"
9,"https://google.com.in?q=test8","+cJi8"
10,"https://google.com.in?q=test9","Yj87e"
11,"https://google.com.in?q=test10","crAS2"
12,"https://google.com.in?q=test11","lJvfA"
13,"https://google.com.in?q=test12","LZLBv"
14,"https://google.com.in?q=test13","c+KF8"
15,"https://google.com.in?q=test14","Dvfb2"
16,"https://google.com.in?q=test15","6vZ1a"
17,"https://google.com.in?q=test16","vwif9"
18,"https://google.com.in?q=test17","w1EDw"
19,"https://google.com.in?q=test18","I05fm"
20,"https://google.com.in?q=test19","/ieCZ"
21,"https://google.com.in?q=test20","qIsnx"
22,"https://google.com.in?q=test21","5cX8J"
23,"https://google.com.in?q=test22","DhgrV"
24,"https://google.com.in?q=test23","B/9xA"
25,"https://google.com.in?q=test24","ML+Ym"
26,"https://google.com.in?q=test25","MC875"
27,"https://google.com.in?q=test26","OpIjH"
28,"https://google.com.in?q=test27","3+TcT"
29,"https://google.com.in?q=test28","COyr6"
30,"https://google.com.in?q=test29","/1ekC"
31,"https://google.com.in?q=test30","i2qd6"
32,"https://google.com.in?q=test31","Fl8rN"
33,"https://google.com.in?q=test32","5e9nm"
34,"https://google.com.in?q=test33","GKynP"
35,"https://google.com.in?q=test34","X0ld7"
36,"https://google.com.in?q=test35","yvCPM"
37,"https://google.com.in?q=test36","MnOnl"
38,"https://google.com.in?q=test37","UFGV5"
39,"https://google.com.in?q=test38","no0SN"
40,"https://google.com.in?q=test40","JXNuM"
41,"https://google.com.in?q=test39","Or42L"
42,"https://google.com.in?q=test41","npWvN"
43,"https://google.com.in?q=test42","vbHkL"
44,"https://google.com.in?q=test43","73yj3"
45,"https://google.com.in?q=test44","7UyQ8"
46,"https://google.com.in?q=test45","RNKPr"
47,"https://google.com.in?q=test46","SUUXK"
48,"https://google.com.in?q=test47","F5pXZ"
49,"https://google.com.in?q=test48","h/vFo"
50,"https://google.com.in?q=test49","/XBp3"
51,"https://google.com.in?q=test50","QayDJ"
52,"https://google.com.in?q=test51","nchKV"
53,"https://google.com.in?q=test52","Lkd9H"
54,"https://google.com.in?q=test53","Mmcx1"
55,"https://google.com.in?q=test54","BzoH6"
56,"https://google.com.in?q=test55","uPb2i"
57,"https://google.com.in?q=test56","YIPUT"
58,"https://google.com.in?q=test57","6rBz6"
59,"https://google.com.in?q=test58","KH7hI"
60,"https://google.com.in?q=test59","3vK5L"
61,"https://google.com.in?q=test60","CluLk"
62,"https://google.com.in?q=test61","yH1i0"
63,"https://google.com.in?q=test62","5s10U"
64,"https://google.com.in?q=test63","m++gO"
65,"https://google.com.in?q=test64","eLIb1"
66,"https://google.com.in?q=test65","i6D7+"
67,"https://google.com.in?q=test66","uG35O"
68,"https://google.com.in?q=test67","vc1fP"
69,"https://google.com.in?q=test68","lBdmu"
70,"https://google.com.in?q=test69","qbDQJ"
71,"https://google.com.in?q=test70","Ukf2i"
72,"https://google.com.in?q=test71","WyCKc"
73,"https://google.com.in?q=test72","w7yi8"
74,"https://google.com.in?q=test73","cAPsV"
75,"https://google.com.in?q=test74","Fabfx"
76,"https://google.com.in?q=test75","iMMWe"
77,"https://google.com.in?q=test76","arGzb"
78,"https://google.com.in?q=test77","K7oLs"
79,"https://google.com.in?q=test78","YJV/B"
80,"https://google.com.in?q=test79","X4WhF"
81,"https://google.com.in?q=test80","QyGsW"
82,"https://google.com.in?q=test81","b0bBS"
83,"https://google.com.in?q=test82","QBwOu"
84,"https://google.com.in?q=test83","/SYsg"
85,"https://google.com.in?q=test84","pwRMj"
86,"https://google.com.in?q=test86","205AV"
87,"https://google.com.in?q=test85","XQwJA"
88,"https://google.com.in?q=test87","NTSye"
89,"https://google.com.in?q=test88","365q4"
90,"https://google.com.in?q=test89","z7sYv"
91,"https://google.com.in?q=test90","NygL6"
92,"https://google.com.in?q=test91","MVK42"
93,"https://google.com.in?q=test92","gTB28"
94,"https://google.com.in?q=test93","9AIkv"
95,"https://google.com.in?q=test94","oXatM"
96,"https://google.com.in?q=test95","cHkT3"
97,"https://google.com.in?q=test96","eYmzj"
98,"https://google.com.in?q=test97","5OKUe"
99,"https://google.com.in?q=test98","tCcEu"
100,"https://google.com.in?q=test99","Q6Bo3"
101,"https://google.com.in?q=test0","x7BL8"
102,"https://google.com.in?q=test1","e4rJx"
103,"https://google.com.in?q=test2","yr7B1"
104,"https://google.com.in?q=test3","47OYF"
105,"https://google.com.in?q=test4","xNypF"
106,"https://google.com.in?q=test5","Dzj1H"
107,"https://google.com.in?q=test6","QX73o"
108,"https://google.com.in?q=test7","NBzOi"
109,"https://google.com.in?q=test8","+cJi8"
110,"https://google.com.in?q=test9","Yj87e"
111,"https://google.com.in?q=test10","crAS2"
113,"https://google.com.in?q=test12","LZLBv"
118,"https://google.com.in?q=test17","w1EDw"
122,"https://google.com.in?q=test21","5cX8J"
123,"https://google.com.in?q=test22","DhgrV"
125,"https://google.com.in?q=test24","ML+Ym"
129,"https://google.com.in?q=test28","COyr6"
133,"https://google.com.in?q=test32","5e9nm"
134,"https://google.com.in?q=test33","GKynP"
136,"https://google.com.in?q=test35","yvCPM"
141,"https://google.com.in?q=test40","JXNuM"
142,"https://google.com.in?q=test41","npWvN"
143,"https://google.com.in?q=test42","vbHkL"
145,"https://google.com.in?q=test44","7UyQ8"
146,"https://google.com.in?q=test45","RNKPr"
147,"https://google.com.in?q=test46","SUUXK"
149,"https://google.com.in?q=test48","h/vFo"
152,"https://google.com.in?q=test51","nchKV"
157,"https://google.com.in?q=test56","YIPUT"
163,"https://google.com.in?q=test62","5s10U"
169,"https://google.com.in?q=test68","lBdmu"
170,"https://google.com.in?q=test69","qbDQJ"
173,"https://google.com.in?q=test72","w7yi8"
174,"https://google.com.in?q=test73","cAPsV"
178,"https://google.com.in?q=test77","K7oLs"
183,"https://google.com.in?q=test82","QBwOu"
184,"https://google.com.in?q=test83","/SYsg"
187,"https://google.com.in?q=test86","205AV"
191,"https://google.com.in?q=test90","NygL6"
193,"https://google.com.in?q=test92","gTB28"
194,"https://google.com.in?q=test93","9AIkv"
197,"https://google.com.in?q=test96","eYmzj"
199,"https://google.com.in?q=test98","tCcEu"
112,"https://google.com.in?q=test11","lJvfA"
114,"https://google.com.in?q=test13","c+KF8"
115,"https://google.com.in?q=test14","Dvfb2"
116,"https://google.com.in?q=test15","6vZ1a"
126,"https://google.com.in?q=test25","MC875"
128,"https://google.com.in?q=test27","3+TcT"
131,"https://google.com.in?q=test30","i2qd6"
135,"https://google.com.in?q=test34","X0ld7"
137,"https://google.com.in?q=test36","MnOnl"
138,"https://google.com.in?q=test37","UFGV5"
139,"https://google.com.in?q=test38","no0SN"
140,"https://google.com.in?q=test39","Or42L"
148,"https://google.com.in?q=test47","F5pXZ"
153,"https://google.com.in?q=test52","Lkd9H"
155,"https://google.com.in?q=test54","BzoH6"
156,"https://google.com.in?q=test55","uPb2i"
159,"https://google.com.in?q=test58","KH7hI"
164,"https://google.com.in?q=test63","m++gO"
165,"https://google.com.in?q=test64","eLIb1"
176,"https://google.com.in?q=test75","iMMWe"
180,"https://google.com.in?q=test79","X4WhF"
181,"https://google.com.in?q=test80","QyGsW"
182,"https://google.com.in?q=test81","b0bBS"
188,"https://google.com.in?q=test87","NTSye"
190,"https://google.com.in?q=test89","z7sYv"
117,"https://google.com.in?q=test16","vwif9"
119,"https://google.com.in?q=test18","I05fm"
120,"https://google.com.in?q=test19","/ieCZ"
121,"https://google.com.in?q=test20","qIsnx"
124,"https://google.com.in?q=test23","B/9xA"
127,"https://google.com.in?q=test26","OpIjH"
130,"https://google.com.in?q=test29","/1ekC"
132,"https://google.com.in?q=test31","Fl8rN"
144,"https://google.com.in?q=test43","73yj3"
150,"https://google.com.in?q=test49","/XBp3"
151,"https://google.com.in?q=test50","QayDJ"
154,"https://google.com.in?q=test53","Mmcx1"
158,"https://google.com.in?q=test57","6rBz6"
160,"https://google.com.in?q=test59","3vK5L"
161,"https://google.com.in?q=test60","CluLk"
162,"https://google.com.in?q=test61","yH1i0"
166,"https://google.com.in?q=test65","i6D7+"
167,"https://google.com.in?q=test66","uG35O"
168,"https://google.com.in?q=test67","vc1fP"
171,"https://google.com.in?q=test70","Ukf2i"
172,"https://google.com.in?q=test71","WyCKc"
175,"https://google.com.in?q=test74","Fabfx"
177,"https://google.com.in?q=test76","arGzb"
179,"https://google.com.in?q=test78","YJV/B"
185,"https://google.com.in?q=test84","pwRMj"
186,"https://google.com.in?q=test85","XQwJA"
189,"https://google.com.in?q=test88","365q4"
192,"https://google.com.in?q=test91","MVK42"
195,"https://google.com.in?q=test94","oXatM"
196,"https://google.com.in?q=test95","cHkT3"
198,"https://google.com.in?q=test97","5OKUe"
200,"https://google.com.in?q=test99","Q6Bo3"
